ATRIBUT;_mean;_median;_stdev;_min;_max
sal_alb_1;1.699734327;2.013806343;0.968967321;-0.014468193;3.940033913
cyt_gran_38;1.163233087;0.839929581;0.841852657;-0.008259773;2.93705368
cyt_gran_21;1.260339648;1.171133995;0.526804751;0.041119576;2.71221447
cyt_gran_54;1.179391235;1.091672897;0.776948623;-0.043007851;2.627677917
cyt_gran_24;0.739333168;0.622704506;0.571627418;-0.0691185;2.547540665
cyt_gran_6;1.126766717;0.872569561;0.560089185;0.50952816;2.32437706
cyt_gran_51;0.857530281;0.799465656;0.430727521;-0.000612259;2.296816826
cyt_gran_13;1.377863466;1.305458069;0.430281256;0.591988564;2.113419533
cyt_gran_28;0.701373151;0.552763939;0.514881711;-0.021072388;2.088382721
18;1.087873363;0.921790123;0.40439883;0.679783821;1.972687721
cyt_gran_20;1.381504446;1.357710838;0.338655319;0.482354164;1.951438904
202;1.71581311;1.81232357;0.190760397;1.286945343;1.926440239
cyt_gran_12;0.994841474;0.936772346;0.267068975;-0.05214119;1.922009468
cyt_gran_39;0.312587493;0.240541458;0.295852135;-0.031541824;1.891906738
1694;1.162733003;1.017098904;0.365977548;0.287867546;1.838410378
cyt_gran_4;0.66627647;0.595568657;0.338781544;0.222249031;1.809195518
1677;1.381834786;1.485933781;0.322795712;0.70486927;1.803147316
cyt_gran_84;0.832441978;0.908587456;0.242816063;0.494085312;1.73590374
cyt_gran_16;0.711227529;0.892173767;0.469794393;-0.054837227;1.7320261
3;0.535087449;0.515375614;0.12617705;0.403162956;1.730829239
que_sub_6;0.496323852;0.397218704;0.40473014;-0.048828125;1.727757454
cyt_gran_61;0.879307539;0.833111763;0.517025529;0.083680153;1.703575134
cyt_gran_68;0.868197317;0.912612915;0.513289578;-0.054748535;1.70343399
1651;1.038656561;1.271994591;0.494480834;-0.051598549;1.703290939
1652;0.811711914;0.764978886;0.402389496;0.181705475;1.701223373
1689;0.894589406;1.322107315;0.632134584;-0.05665493;1.684542656
cyt_gran_50;0.961155507;0.82316494;0.258514281;0.699483871;1.643641472
cyt_gran_73;0.875477787;0.940366268;0.366409611;-0.121320724;1.640871048
que_sub_8;0.872540012;1.064414978;0.627783053;-0.031507492;1.627906799
1676;0.968379149;0.944098473;0.269833195;0.591080666;1.574968338
160;1.028530843;0.950088501;0.342749284;0.398712158;1.550592422
179;0.955673509;1.136084557;0.454553623;-0.05314064;1.540905952
umb_2;0.81623396;0.454408646;0.463996976;0.338942528;1.540752411
hal_com_170;0.860465598;0.80290699;0.278709005;0.472513199;1.540489197
5;1.016352311;1.019187927;0.286261214;0.358660698;1.512155533
pin_pin_5;0.753452267;0.754623413;0.242979175;-0.057065964;1.509693146
170;0.61780014;0.57276392;0.360434908;-0.057932854;1.50313282
cyt_gran_35;0.553062167;0.602824688;0.347764554;-0.053085327;1.499324799
cyt_gran_37;0.935190384;1.219639778;0.449432041;0.380031586;1.494849205
155;0.720776846;0.712656975;0.285216064;0.330339432;1.487679482
lav_sto_5;0.53153247;0.512381554;0.099147578;0.374966621;1.479096413
hal_com_153;0.718804014;0.689634323;0.112111108;0.594251633;1.442943573
hal_com_144;0.740838132;0.5944314;0.293477536;0.448257446;1.437925339
180;0.595575481;0.497907639;0.243528856;0.083307266;1.377867699
cyt_gran_7;0.787350075;0.804668903;0.239283747;0.246157646;1.354419708
1648;1.043016559;1.032079697;0.196631343;0.412856102;1.353450775
176;0.924950453;0.900488853;0.260775134;0.555086136;1.351287842
cyt_gran_2;0.751144771;0.69254446;0.201871247;0.42905426;1.329333305
cyt_gran_15;1.180282564;1.164496422;0.082825592;0.985696793;1.329110146
187;0.820736419;0.87199688;0.176937366;0.465102196;1.309736252
188;0.875854962;0.868632317;0.208076272;0.561462402;1.304732323
cyt_gran_49;0.777686806;0.795772076;0.204143166;0.358099937;1.302743912
1649;0.69737685;0.593729973;0.306119871;0.320391655;1.301830292
1693;0.848700139;0.791665077;0.140684323;0.640440941;1.298762321
cis_lib_1;0.927679992;0.865346909;0.148411518;0.678616524;1.295617104
1646;0.590702452;0.621191502;0.23661855;0.022679329;1.281716347
cyt_gran_55;0.337576004;0.257894516;0.292853733;-0.064939499;1.277672768
cyt_gran_5;0.509996318;0.557080269;0.296090387;-0.025143623;1.277629852
1675;0.610508129;0.637773514;0.265993046;-0.053243637;1.275652885
1653;0.623221554;0.559069157;0.334958052;-0.030132294;1.269911766
1698;0.806781369;0.793567657;0.148569739;0.609761238;1.269321442
jun_sp_1;1.033553289;1.026321411;0.127735263;0.09743309;1.249335289
cyt_gran_52;0.443515243;0.385793686;0.157803241;0.23415184;1.245202065
1639;0.79030454;0.766592026;0.130335253;0.646893501;1.239409447
cyt_gran_62;0.496816211;0.436667442;0.29493528;-0.044057846;1.232676506
183;0.818749485;0.760401726;0.200552899;0.491219521;1.221054077
cyt_gran_70;1.000128512;1.033282757;0.125171283;0.13399601;1.204673767
cyt_gran_78;0.795953509;0.704937458;0.153567603;0.616313934;1.204522133
hal_com_167;0.779559646;0.739956856;0.089378627;0.682097435;1.19692421
lav_sto_4;0.735703158;0.710052013;0.074211883;0.663059235;1.185660362
1696;0.518340135;0.571211815;0.25348213;0.047864914;1.177490234
cyt_gran_74;0.789515833;0.769599915;0.232571068;0.451273918;1.174129486
169;0.645573025;0.593759537;0.149005638;0.468937874;1.171792984
185;0.711321987;0.686471939;0.220195331;0.283500671;1.162370682
hal_com_177;0.824532663;0.759236336;0.155195107;0.616996765;1.155138016
184;0.752615249;0.847354889;0.233484132;0.327840805;1.141023636
cyt_gran_14;0.856153279;0.835494041;0.120030882;0.688184738;1.133073807
1690;0.80780107;0.794103622;0.09701202;0.57700634;1.132772446
8;1.035855407;1.027143478;0.037365357;0.93764019;1.132677078
cyt_gran_23;0.703623681;0.686113834;0.232256578;0.249607086;1.130369186
cyt_gran_40;0.652733924;0.791830063;0.318234326;-0.024551392;1.125044823
1636;0.664581279;0.936142921;0.470066173;-0.003627777;1.124623299
1660;0.459735074;0.55475235;0.265844737;-0.031939507;1.10181427
151;0.546624222;0.465725899;0.235007733;0.171331406;1.096606255
cyt_gran_71;0.78366548;0.879166603;0.312967;0.064652443;1.089519501
1688;0.91855782;0.931465149;0.078992522;0.660219193;1.073028564
1674;0.56515474;0.538664818;0.227682131;0.160178185;1.061671257
hal_com_142;0.336443005;0.284903049;0.18650664;-0.005414009;1.059639931
1663;0.430475809;0.448236465;0.292614109;-0.052743912;1.058006287
cyt_gran_45;0.505927705;0.44857502;0.30402112;-0.011151314;1.051630974
1650;0.712618357;0.843237877;0.283545735;-0.041711807;1.05086422
cyt_gran_85;0.945309725;0.935325146;0.054024405;0.754622459;1.049269676
cyt_gran_17;0.768726379;0.911954403;0.249499519;0.238810539;1.048160553
hal_com_135;0.833138575;0.813125134;0.101707589;0.656460762;1.048142433
umb_1;0.81178635;0.84466362;0.178618665;0.144591331;1.044719696
hal_com_123;0.958676244;0.955508232;0.044311354;0.817000389;1.043826103
hal_com_132;0.956938852;0.972978592;0.058806097;0.821755409;1.03934288
cyt_gran_58;0.54920032;0.514683723;0.141601066;0.291928291;1.021244049
que_sub_7;0.438424751;0.455218315;0.224982522;-0.078966141;1.017678261
1667;0.598199115;0.566735268;0.246724572;0.271349907;1.016332626
que_sub_1;0.363389846;0.358791351;0.204297624;-0.035209656;1.013776779
hal_com_134;0.779066846;0.769932747;0.087961942;0.522542953;1.013775826
cyt_gran_3;0.684863557;0.639959335;0.163167425;0.302091599;1.006440163
hal_com_133;0.959312285;0.965197563;0.023739832;0.893994331;0.994293213
19;0.804813709;0.859753609;0.153391919;0.222488403;0.991695404
cyt_gran_29;0.564636143;0.519257545;0.194171935;0.282755852;0.991353035
1640;0.778275063;0.762335777;0.111412099;0.579678535;0.98212719
cyt_gran_19;0.81372345;0.783489704;0.072247095;0.727893829;0.981431007
cyt_gran_63;0.667532803;0.772850037;0.2578148;0.192857742;0.979005814
1661;0.453029098;0.478756905;0.261193982;-0.015648842;0.978881836
ulex_sp_5;0.733741531;0.749633312;0.114219794;0.356110573;0.966992378
hal_com_112;0.692715348;0.630098343;0.144704214;0.491082191;0.965374947
175;0.616777367;0.615161896;0.117510871;0.378559113;0.962677002
cyt_gran_30;0.59518583;0.521195412;0.162437613;0.391273499;0.960502625
1643;0.738699064;0.741794586;0.141336818;0.355518341;0.960500717
178;0.73657313;0.706525803;0.115163136;0.483089447;0.960201263
138;0.544142473;0.588856697;0.230063354;0.132888794;0.957706451
hal_com_125;0.881193791;0.87430191;0.030093647;0.821593285;0.956741333
cyt_gran_1;0.520521623;0.515584946;0.093369436;0.29693985;0.955541611
1671;0.578617718;0.629073143;0.184844727;0.275020599;0.955513954
cyt_gran_79;0.906208814;0.926514626;0.051480868;0.581697464;0.945412636
1692;0.662802177;0.660306931;0.142762054;0.408611298;0.942667961
lav_sto_3;0.918811291;0.916824341;0.009851816;0.897422791;0.936076164
cyt_gran_72;0.890225357;0.897888184;0.037089301;0.808730125;0.935977936
hal_com_110;0.74817715;0.743231773;0.067891142;0.589763641;0.934938431
hal_com_122;0.861275956;0.861429214;0.026491822;0.792383194;0.931464195
umb_4;0.762105246;0.749287128;0.066613609;0.620715141;0.927042961
145;0.451940849;0.438547611;0.159460618;0.200720787;0.924437523
177;0.7147234;0.720516205;0.107827879;0.410863876;0.920665741
hal_com_124;0.856551432;0.859600544;0.0348056;0.756711006;0.919499397
hal_com_155;0.552846557;0.5145998;0.114333358;0.417084694;0.914588928
126;0.434414318;0.389178276;0.140114405;0.224602699;0.9093256
150;0.587442854;0.611155987;0.16889943;0.283224106;0.90789032
lav_sto_2;0.711224577;0.82946825;0.274068183;0.065364838;0.907547951
umb_11;0.767206792;0.785862923;0.105865582;0.515427589;0.905847549
asp_sp_1;0.75713178;0.763147354;0.082720553;0.530467033;0.905543327
cyt_gran_65;0.74793437;0.753111839;0.117722344;0.198833466;0.902263641
cyt_gran_10;0.361364042;0.508405685;0.262758184;-0.052404404;0.901919365
181;0.34061822;0.374367714;0.200014464;-0.008887291;0.901517868
hal_com_48;0.539059677;0.379229546;0.236676678;0.276229858;0.900061607
2;0.416026552;0.418720245;0.123943244;0.041942596;0.897078514
hal_com_152;0.737354664;0.725566864;0.074165759;0.607401848;0.896324158
137;0.481994161;0.45425415;0.181738053;0.116909981;0.891515732
umb_40;0.786737206;0.853425026;0.136833113;0.446858406;0.885054588
hal_com_127;0.762307454;0.75673151;0.091984852;0.607029915;0.881663322
17;0.715428853;0.714366913;0.052685508;0.606164932;0.879911423
hal_com_139;0.726690913;0.727108955;0.04694398;0.636548996;0.871477127
hal_com_175;0.814478703;0.811882973;0.021439683;0.780110359;0.868739128
1686;0.621463287;0.64364624;0.105162345;0.374752045;0.868370056
1685;0.630458973;0.668179512;0.133983155;0.367494583;0.86779213
186;0.385483299;0.37773037;0.079129451;0.244353294;0.866797447
1691;0.716363699;0.738530159;0.109675394;0.406664848;0.86536026
hal_com_117;0.539761285;0.516411304;0.054043646;0.484546661;0.85942173
cyt_gran_11;0.669493544;0.649648666;0.204294132;-0.213652611;0.856265068
195;0.596331242;0.601634502;0.100977817;0.409934998;0.854016304
132;0.55670415;0.517026901;0.141136601;0.295602798;0.851113319
1684;0.494989178;0.46221447;0.139061188;0.287126541;0.848026276
hal_com_169;0.670840427;0.663693905;0.075962189;0.570556641;0.839460373
1687;0.763200631;0.767464638;0.032404366;0.713690758;0.839306831
cyt_gran_64;0.703237028;0.682425499;0.042424725;0.655374527;0.838787079
umb_3;0.664924509;0.696052551;0.1032915;0.404275894;0.836705208
4;0.609687077;0.617043495;0.112116836;0.349672318;0.830997467
ulex_sp_1;0.740727203;0.740823746;0.051539017;0.62197113;0.830201149
hal_com_126;0.657362148;0.658464432;0.045446106;0.581272125;0.826708794
200;0.50429037;0.464877129;0.112908794;0.193336487;0.821483612
hal_com_68;0.515690265;0.630114555;0.259796066;-0.020809174;0.814025879
cyt_gran_76;0.731370055;0.727433681;0.041736718;0.665279388;0.812121391
cyt_gran_18;0.290415882;0.242637634;0.181559479;-0.008961678;0.807749748
hal_com_119;0.567566739;0.617918968;0.196633617;-0.070734978;0.805985451
hal_com_137;0.639701559;0.623321533;0.074685032;0.529463768;0.802657127
hal_hal_young23;0.779955333;0.785019875;0.015624961;0.752770424;0.802319527
hal_com_32;0.48996011;0.461447239;0.090329354;0.434327126;0.801578522
cyt_gran_66;0.781389222;0.784666061;0.01267695;0.720336914;0.79984951
hal_com_136;0.755628911;0.762539864;0.027178538;0.699739456;0.797933578
hal_com_105;0.602544145;0.589722633;0.075545732;0.426760674;0.797111511
cyt_gran_75;0.630848763;0.601094246;0.08592614;0.517688751;0.795381546
1659;0.61768991;0.715370178;0.167225164;0.278170586;0.792336464
1641;0.66491355;0.679474831;0.062618563;0.530128479;0.791117668
hal_com_108;0.622495303;0.638754845;0.05810177;0.513337135;0.791103363
hal_com_156;0.506485084;0.534269333;0.110354594;0.16374588;0.790761948
1679;0.604689487;0.591188431;0.049363174;0.531713486;0.784180641
hal_com_138;0.632817985;0.625859261;0.058446471;0.530211449;0.783267975
hal_com_67;0.542391708;0.681359291;0.270459379;-0.029206276;0.779239655
hal_com_128;0.626313228;0.608147621;0.086384679;0.442596436;0.778181076
hal_com_39;0.67501783;0.673214912;0.031420979;0.622379303;0.777713776
9;0.617722726;0.589524269;0.083703434;0.497066498;0.776949883
asp_sp_3;0.556236886;0.548446655;0.083532482;0.426147461;0.776556015
cyt_gran_57;0.382669439;0.366309166;0.13171402;-0.017630577;0.775832176
20;0.586409501;0.587348938;0.116729244;0.365736008;0.774353981
hal_com_50;0.540892786;0.566203117;0.149728985;0.286507607;0.773379326
190;0.424473584;0.630781174;0.305658955;-0.056873322;0.770173073
1645;0.607729812;0.593396187;0.090215973;0.429463387;0.76892662
hal_com_53;0.749991272;0.750480652;0.004144822;0.734262466;0.761623383
152;0.349912502;0.348813057;0.128240714;0.134454727;0.759056091
1647;0.296481964;0.170112133;0.28444773;-0.01706028;0.755972862
1656a;0.363550853;0.187978745;0.299196275;0.043985367;0.753493309
1642;0.524887852;0.483860016;0.112976442;0.333501816;0.75148201
hal_com_146;0.278305193;0.260047913;0.110688212;0.095662117;0.750879288
1657;0.553581248;0.530889511;0.097878906;0.413815498;0.750397682
1662;0.276175334;0.213359833;0.19684731;-0.027648926;0.740535736
hal_com_36;0.707452573;0.705097675;0.013438434;0.682538986;0.740334511
hal_hal_young17;0.716793243;0.713644505;0.00936877;0.702181816;0.73971653
hal_com_165;0.557556923;0.607612133;0.138447642;0.310920715;0.736412048
hal_com_42;0.707993588;0.707571983;0.010499211;0.687168121;0.734320641
193;0.31784247;0.304216385;0.123011239;0.098240852;0.729956627
196;0.550726513;0.544449806;0.07801728;0.397075653;0.729744911
1656b;0.242902414;0.168667316;0.189772044;0.012978554;0.727461815
hal_com_113;0.65969453;0.671508312;0.03351273;0.556346893;0.724876404
hal_hal_young25;0.637145534;0.709042549;0.116548469;0.420487404;0.722299576
197;0.504708343;0.506612778;0.079600114;0.240181923;0.720883369
199;0.513775784;0.52725935;0.098848647;0.272929192;0.720854759
hal_com_37;0.696685218;0.699662685;0.013922414;0.663481712;0.718922615
hal_com_61;0.669560494;0.683021545;0.039166862;0.567816734;0.718869209
cyt_gran_8;0.621576599;0.619430542;0.032525849;0.5370121;0.717844963
hal_com_66;0.617830224;0.600806236;0.041576099;0.571972847;0.716077805
hal_com_131;0.701676149;0.703151703;0.007411435;0.681769371;0.714216232
hal_hal_young22;0.629766053;0.630530357;0.050214848;0.551561356;0.712854385
hal_com_130;0.657083571;0.650110245;0.018303443;0.633224487;0.712202072
hal_com_43;0.691803464;0.693539619;0.008464687;0.660891533;0.711517334
hal_com_64;0.647625508;0.652656555;0.039209384;0.580658913;0.710136414
hal_com_45;0.681590852;0.681405544;0.012996821;0.65349865;0.709843636
hal_com_111;0.586857481;0.584858894;0.046279918;0.498954773;0.709523201
139;0.452595536;0.448774815;0.083371788;0.309808731;0.708818436
cyt_gran_59;0.511192294;0.567414284;0.133970393;0.139393806;0.707997322
194;0.47753103;0.565121174;0.200971084;-0.006949425;0.707736969
189;0.583078969;0.585407257;0.042063879;0.504469872;0.704567909
hal_com_38;0.641771924;0.641297817;0.026115738;0.586763382;0.701891899
hal_com_129;0.669925798;0.673778057;0.01441383;0.640541077;0.70058918
hal_com_107;0.469660984;0.465980053;0.118363331;0.247653008;0.699834824
hal_com_55;0.603496125;0.59018898;0.039308174;0.564238548;0.699194908
cyt_gran_83;0.595668699;0.631495476;0.090994282;0.374588966;0.696385384
hal_com_69;0.321519052;0.483104706;0.289676848;-0.014806747;0.695503235
hal_com_70;0.663634725;0.662527084;0.008731241;0.647784233;0.695019722
164;0.370253395;0.369305611;0.086606624;0.235162735;0.694867134
cyt_gran_53;0.566209157;0.576089859;0.085831633;0.24979496;0.694742203
130;0.440880756;0.414578438;0.09683014;0.280359268;0.694195747
hal_com_34;0.66464006;0.664457321;0.014409898;0.628106117;0.693980217
hal_com_160;0.528370797;0.585875988;0.150867351;0.202106476;0.692331314
hal_com_35;0.66574729;0.664423943;0.011008544;0.64614296;0.691027641
hal_com_71;0.454170039;0.662610054;0.314532931;-0.075159073;0.689619064
hal_com_40;0.676991967;0.677332878;0.005346599;0.662432671;0.689154625
hal_com_176;0.617831858;0.64734745;0.069608283;0.254137039;0.687777519
pin_pin_7;0.623270975;0.623991966;0.02830276;0.578433037;0.684329987
hal_com_159;0.609075023;0.615792274;0.04808823;0.448518753;0.684046745
198;0.412596116;0.399993896;0.116291435;0.25976944;0.682042122
hal_hal_young16;0.654988199;0.655299187;0.011358002;0.62931633;0.681610107
hal_com_44;0.494436389;0.476475239;0.090568583;0.345690727;0.677645683
hal_com_63;0.614286102;0.611741066;0.027408669;0.563411713;0.676557541
142;0.271369889;0.23301363;0.119368664;0.159545898;0.674489975
165;0.568772218;0.61255455;0.094825765;0.34039402;0.673311234
191;0.204655706;0.17585516;0.136115609;0.014714241;0.670797348
hal_com_114;0.57036503;0.571342945;0.046174527;0.4790802;0.669430733
cyt_gran_42;0.615683386;0.627493858;0.037334265;0.520905495;0.669363022
1682;0.481963524;0.475708485;0.075557195;0.299020767;0.6679039
hal_com_41;0.643140465;0.648365021;0.016986445;0.581225395;0.667759895
hal_com_172;0.524830996;0.490241051;0.06813828;0.420120239;0.666590691
dia_ino_9;0.614664512;0.617272377;0.025223166;0.551120758;0.665707588
hal_hal_young21;0.284344072;0.038462162;0.304961831;-0.005291939;0.665154457
asp_sp_4;0.529454592;0.548052788;0.117255846;0.34944725;0.663644791
1669;0.472240991;0.468305588;0.097548487;0.225788116;0.662356377
hal_com_23;0.41076441;0.388562202;0.094946816;0.130376816;0.662186623
hal_com_72;0.624859043;0.631733894;0.021485949;0.570521355;0.661286354
171;0.588531743;0.587551594;0.032257641;0.520478249;0.660756111
cyt_gran_46;0.336732793;0.323122025;0.108034737;0.039050102;0.657013893
pin_pin_8;0.63950344;0.637763023;0.007586324;0.626044273;0.656742096
hal_com_168;0.629264857;0.629607201;0.016127402;0.593520164;0.655326843
hal_hal_young14;0.579329559;0.575259209;0.03660869;0.524573326;0.653229713
hal_com_65;0.629524732;0.633076191;0.01198897;0.604854584;0.650854111
hal_com_62;0.597955428;0.601991653;0.028699956;0.539974213;0.648940086
1681;0.468362068;0.489518166;0.104423683;0.179673195;0.646586418
hal_com_120;0.551263375;0.551486492;0.050909882;0.426403046;0.644488335
pin_pin_10;0.54382228;0.547963142;0.043640887;0.433953285;0.644430161
hal_hal_young18;0.585786846;0.577711105;0.022021289;0.558220863;0.64201355
hal_com_57;0.510637742;0.494971275;0.056349848;0.445760727;0.641422272
hal_com_46;0.572369873;0.602728844;0.07183329;0.399993896;0.639899254
127;0.243368693;0.210325718;0.152809851;-0.014094353;0.639860153
hal_com_150;0.616093752;0.61662817;0.007873841;0.589208603;0.634737015
134;0.459928367;0.445366859;0.063148819;0.337885857;0.632493973
cyt_gran_47;0.397778118;0.414034843;0.136669003;0.163115501;0.632191658
hal_com_106;0.482616009;0.470811844;0.053223778;0.36419487;0.629325867
hal_hal_young15;0.603879774;0.604939938;0.008427128;0.578742027;0.625556946
cyt_gran_56;0.439732783;0.43148613;0.091074665;0.255284309;0.624779701
umb_39;0.427605273;0.384076595;0.107338094;0.267128944;0.6241045
hal_com_148;0.539502195;0.55109787;0.061181615;0.400303841;0.620518684
1680;0.511996136;0.542565823;0.080012075;0.322999001;0.619927406
hal_com_164;0.453470948;0.445530891;0.076031111;0.251869202;0.619509697
dia_ino_8;0.57143799;0.583389282;0.032449917;0.500667572;0.611589432
hal_com_109;0.579150872;0.580155373;0.01966741;0.530002594;0.610448837
1666;0.478060384;0.476428986;0.068340785;0.313943863;0.609870911
hal_com_151;0.566050732;0.565696716;0.013748874;0.538222313;0.602450371
ulex_sp_2;0.452394662;0.433878899;0.045559653;0.386662483;0.60172081
hal_com_118;0.496945037;0.490914345;0.034281867;0.429440498;0.600552559
pin_pin_4;0.501267032;0.504371643;0.046814575;0.399899483;0.596627235
hal_com_75;0.587984168;0.588281631;0.004699881;0.575521469;0.595918655
hal_com_58;0.557269383;0.561610222;0.021099763;0.505547523;0.592945099
hal_com_149;0.574350918;0.571622849;0.009092218;0.55948925;0.592848778
thy_mas_3;0.501930251;0.494206429;0.040192906;0.435871124;0.589905739
133;0.259024586;0.254981041;0.088459046;0.114295959;0.589284897
hal_com_60;0.563427754;0.564204216;0.013905435;0.533267975;0.589201927
hal_com_158;0.537846002;0.556185722;0.040653934;0.441539764;0.587043762
hal_com_161;0.357459676;0.351903915;0.11106889;0.047230721;0.586725235
192;0.286889861;0.178026199;0.172976054;0.03762722;0.583619118
hal_com_115;0.54288671;0.540174484;0.018966516;0.517687798;0.580610275
hal_com_103;0.493943654;0.488895893;0.038771583;0.425172806;0.577376366
cyt_gran_82;0.44746211;0.471260548;0.08349534;0.138801575;0.575860023
cyt_gran_67;0.243165307;0.23089695;0.102900968;-0.098513603;0.575078964
umb_10;0.42046445;0.417611599;0.040754631;0.335220337;0.572920799
pin_pin_11;0.523516434;0.519301414;0.019121146;0.484911919;0.569993973
cyt_gran_81;0.522927721;0.515909672;0.0224296;0.489305496;0.569627762
158;0.422897498;0.418335915;0.064853682;0.321410179;0.569249153
1672;0.467536825;0.466385841;0.035154323;0.33039093;0.566767693
cyt_gran_9;0.545825362;0.549515724;0.016469157;0.506952286;0.566223145
cyt_gran_77;0.522939528;0.522186279;0.021316928;0.479073524;0.564063072
hal_hal_young20;0.522524636;0.521777153;0.019715451;0.485448837;0.562654495
1683;0.440985541;0.498578072;0.119860103;0.168597221;0.560420036
umb_38;0.258059884;0.274185658;0.154739552;0.028409004;0.560316086
hal_com_87;0.318532957;0.397860527;0.186707161;-0.026612282;0.560285568
dia_ino_4;0.523164321;0.521742821;0.020269101;0.475851059;0.559645653
umb_25;0.432817966;0.462535858;0.120815705;0.120077133;0.558917999
hal_hal_young24;0.502145083;0.506189346;0.024278889;0.425164223;0.558546066
umb_13;0.472708918;0.467744827;0.030352212;0.385682106;0.556660652
hal_com_73;0.302273845;0.133049965;0.199478527;0.089436531;0.556410789
hal_com_54;0.542809983;0.542747498;0.006221323;0.528875351;0.555265427
182;0.490382625;0.48640871;0.027656247;0.43542099;0.554239273
hal_com_74;0.531365684;0.529996872;0.010025585;0.512785912;0.55370903
cyt_gran_25;0.346704307;0.370542049;0.108860335;0.152362823;0.553544998
hal_com_59;0.52643658;0.529925346;0.014565436;0.487109184;0.553346634
168;0.466704018;0.462684631;0.029710384;0.412584305;0.551855087
hal_com_33;0.509647996;0.510117531;0.021149274;0.469120026;0.550621033
hal_hal_young4;0.463197957;0.448940754;0.03239125;0.418680191;0.549510002
hal_com_78;0.269285346;0.216178894;0.132011446;0.111266136;0.549107552
hal_com_52;0.491686358;0.488937855;0.019531344;0.45837307;0.547631264
umb_22;0.489940578;0.515306473;0.071405765;0.256181717;0.547494888
asp_sp_2;0.447324773;0.440076828;0.039480145;0.332093239;0.546998024
hal_com_97;0.511719519;0.500080109;0.021694594;0.484204292;0.546374321
hal_com_121;0.443347199;0.448727608;0.051133232;0.31899929;0.542420387
hal_hal_young26;0.479697364;0.469497204;0.022469027;0.45296669;0.542001724
dia_ino_7;0.498691036;0.506086349;0.023180525;0.442158699;0.540994644
hal_com_102;0.441023425;0.428305149;0.049356823;0.370224953;0.538938522
hal_com_94;0.484543031;0.484260082;0.012765685;0.464392662;0.536374092
hal_com_116;0.475199202;0.47688961;0.036059437;0.366566658;0.535711288
hal_com_171;0.521380112;0.522168159;0.007971981;0.49783802;0.533267975
dia_ino_11;0.49033393;0.490299225;0.022030779;0.438252449;0.532599449
umb_45;0.50337278;0.501825809;0.016908514;0.46434021;0.53249073
201;0.440595724;0.455821991;0.091249848;0.047442436;0.529583931
hal_com_79;0.521598129;0.522179127;0.003732074;0.511574745;0.529088974
146;0.334777824;0.323820114;0.099457918;0.173153877;0.525549889
136;0.418963957;0.419427395;0.046201039;0.313035965;0.524571419
hal_com_99;0.467987688;0.461946487;0.033897992;0.414151192;0.523878098
hal_hal_young11;0.500634695;0.49990797;0.008928787;0.482561111;0.522546768
1678;0.443722072;0.446649551;0.030933175;0.391435623;0.522335052
umb_31;0.429302679;0.447066307;0.059016917;0.241660118;0.517181396
125;0.461035652;0.46518898;0.026452782;0.389914513;0.515901566
148;0.347533191;0.342227936;0.053043976;0.260407448;0.51567173
hal_hal_young13;0.501238893;0.502668858;0.007631017;0.476613998;0.515443802
hal_com_93;0.469622745;0.462078094;0.022274176;0.430250168;0.513072968
hal_com_31;0.49004459;0.489564896;0.008899347;0.47253418;0.511553764
hal_com_154;0.44539868;0.433070183;0.034998637;0.386138916;0.511453629
dia_ino_10;0.434329476;0.432832241;0.03805855;0.386517525;0.509709358
hal_com_147;0.4329174;0.445299625;0.050808383;0.329772949;0.50937748
7;0.452787863;0.450745583;0.024454412;0.411969185;0.50798893
dia_ino_6;0.347945621;0.339110374;0.085762812;0.196329117;0.50719738
umb_12;0.479222899;0.480481148;0.01775415;0.433481216;0.505496979
hal_com_166;0.359615645;0.310952187;0.090553167;0.243136406;0.505142212
dia_ino_5;0.484393892;0.482693672;0.012213411;0.459421158;0.504342079
hal_com_56;0.485149543;0.483429432;0.006526287;0.471569061;0.503381729
hal_com_98;0.436549847;0.429945946;0.037268308;0.355852127;0.503157616
hal_com_173;0.469976563;0.484381676;0.051722631;0.25292778;0.497797966
153;0.364103917;0.392968178;0.093928785;0.142543793;0.496776581
hal_com_17;0.455002296;0.457063675;0.017422723;0.404243469;0.496307373
hal_com_157;0.450285681;0.448298931;0.023215364;0.402772903;0.493852615
hal_com_104;0.444511454;0.44423914;0.023449212;0.410003662;0.492479324
12;0.167247601;0.141860008;0.130294366;-0.014660835;0.490524292
pin_pin_9;0.449573753;0.452225685;0.024249614;0.38517189;0.489372253
lav_sto_1;0.410930314;0.420814514;0.040527605;0.322213173;0.48789978
hal_com_77;0.18782104;0.178603172;0.103578377;0.039491653;0.485782623
hal_hal_young9;0.450895246;0.45102787;0.014225931;0.41752243;0.48577404
120;0.269733715;0.257190228;0.061811237;0.149281502;0.485188484
166;0.398007272;0.38696003;0.038321921;0.343695641;0.484631538
154;0.232473088;0.154203892;0.131556501;0.081489563;0.483999252
hal_com_174;0.454515321;0.452594757;0.010013747;0.438634872;0.481203079
hal_com_162;0.363909976;0.361400604;0.060511438;0.259654045;0.480988503
1;0.320946316;0.345499516;0.081835413;0.079070091;0.480854988
hal_com_81;0.449099579;0.448675156;0.006337251;0.433805466;0.477035522
hal_com_95;0.355122049;0.349740028;0.046436348;0.211929321;0.476736069
cyt_gran_36;0.366146513;0.367415428;0.046344119;0.235076904;0.473605156
hal_com_101;0.426737767;0.423768997;0.02337588;0.388358116;0.473594666
hal_com_96;0.434373141;0.450643539;0.034679032;0.363007545;0.472789764
hal_hal_young12;0.43563823;0.434568405;0.011668031;0.414390564;0.470340729
cyt_gran_22;0.256123201;0.226525307;0.06709514;0.18135643;0.470105171
157;0.369558787;0.372753143;0.052018151;0.263799667;0.469388962
hal_com_100;0.393307925;0.390662193;0.02474517;0.349366188;0.469161987
1655;0.148096402;0.032803535;0.185328528;-0.020479202;0.468338966
cyt_gran_32;0.363022263;0.361501694;0.050752294;0.260998726;0.467528343
hal_com_51;0.43855586;0.436876297;0.015494658;0.409958839;0.467139244
hal_hal_young10;0.440405368;0.443744659;0.017871928;0.39882946;0.466655731
1665;0.099930326;0.060914993;0.101591188;-0.020071983;0.466064453
cyt_gran_43;0.298517628;0.292055607;0.094284466;0.109494209;0.464704514
pin_pin_6;0.434106168;0.435724258;0.016804595;0.388202667;0.463407516
hal_com_24;0.372892313;0.36281538;0.039618417;0.289410591;0.461423874
pin_pin_3;0.385991272;0.387200356;0.047237577;0.307839394;0.461377144
121;0.309585653;0.316357136;0.105790039;0.087826729;0.460900307
hal_hal_young29;0.423805777;0.424755096;0.015705757;0.393411636;0.4568367
hal_com_80;0.430390195;0.430608749;0.013625289;0.373970032;0.453959465
umb_51;0.437378008;0.4378438;0.007435051;0.421336174;0.453275681
umb_23;0.230906717;0.210734367;0.06654016;0.138449669;0.450315475
umb_7;0.3749757;0.367297173;0.022435139;0.339143753;0.448667526
hal_com_86;0.346408819;0.359182358;0.064831574;0.191356659;0.447349548
umb_47;0.309210168;0.30321312;0.045739035;0.24145031;0.447048187
1664;0.215176414;0.194673538;0.089909933;0.057246208;0.447023392
11;0.151676079;0.128275871;0.122234536;-0.010603905;0.445099831
umb_15;0.218931324;0.202093124;0.093987925;0.079269409;0.443805695
1673;0.419147371;0.419448853;0.010669063;0.395334244;0.443305016
156;0.354422622;0.369008064;0.053063817;0.260087967;0.442521095
1658;0.371621835;0.367527962;0.018467031;0.343753815;0.441913605
hal_com_163;0.319245964;0.33884573;0.077469144;0.155244827;0.441004753
ulex_sp_4;0.206142583;0.208500385;0.067317511;0.064879417;0.439146042
161;0.218425739;0.190283775;0.133726912;-0.018267632;0.438791275
pin_pin_1;0.37723895;0.367997646;0.026055321;0.33290863;0.43827343
6;0.307094167;0.327337265;0.065521112;0.173467636;0.437121391
hal_hal_young7;0.360994373;0.354934692;0.019702189;0.333680153;0.436130524
hal_com_18;0.388153298;0.38481617;0.015427604;0.3636446;0.434934616
hal_hal_young3;0.366252901;0.36537981;0.023349448;0.316236496;0.43198204
hal_com_20;0.387002577;0.39321661;0.025334759;0.312693596;0.430754662
cyt_gran_34;0.296682308;0.347298622;0.098651015;0.030890465;0.429869652
149;0.30209408;0.309241295;0.031079915;0.217794418;0.426454544
hal_com_89;0.375544425;0.374202728;0.027040772;0.339866638;0.425783157
que_sub_4;0.409852988;0.413186073;0.01081069;0.378222466;0.425387383
umb_34;0.370293127;0.389616013;0.046892817;0.273195267;0.424778938
cyt_gran_60;0.258574356;0.235676765;0.077994742;0.106777191;0.423589706
hal_com_145;0.24978271;0.256791115;0.112027081;-0.032876015;0.422636032
umb_48;0.358166581;0.355937958;0.034761881;0.264027596;0.420340538
hal_com_4;0.371155034;0.368991852;0.020543769;0.328996658;0.41352272
hal_com_92;0.380180227;0.38973999;0.02576135;0.323356628;0.410293579
umb_16;0.338969328;0.34933567;0.045506799;0.229775429;0.410134315
123;0.379374473;0.381204605;0.016362171;0.336457253;0.409589767
hal_com_26;0.315064724;0.313492775;0.031144762;0.247323036;0.408754349
umb_6;0.301276679;0.299428463;0.037985139;0.239172935;0.406676292
umb_49;0.369036188;0.37706852;0.030970231;0.29227066;0.405633926
hal_com_7;0.287579186;0.295018196;0.053825822;0.155994415;0.401416779
hal_com_8;0.362175992;0.360608101;0.013804661;0.334404945;0.399479866
que_sub_5;0.352036114;0.353437901;0.021423609;0.309038162;0.396655083
hal_com_91;0.374420181;0.372339249;0.009217541;0.362514496;0.396185875
umb_46;0.363837774;0.362333298;0.011438943;0.344175339;0.394623756
hal_com_11;0.343160745;0.346498489;0.020797695;0.297135353;0.393787384
umb_21;0.291088795;0.278162956;0.064437905;0.186244965;0.393621445
umb_9;0.362971894;0.364725113;0.014001818;0.33423996;0.392737389
umb_8;0.375303776;0.374886036;0.007808117;0.341342926;0.391242981
hal_com_49;0.37211588;0.371344566;0.00598979;0.356795311;0.389892578
hal_com_5;0.33132953;0.343379021;0.035677225;0.253509521;0.389104843
umb_14;0.195370041;0.189204693;0.070153516;-0.003608704;0.385182381
hal_com_28;0.257914961;0.250076771;0.062107686;0.160136223;0.385015488
hal_com_19;0.372398828;0.372030258;0.004428101;0.358602524;0.382182121
hal_com_15;0.341363678;0.343019485;0.019543827;0.286950111;0.382018089
umb_5;0.056578383;0.057869911;0.051494363;-0.022354126;0.381122589
hal_hal_young6;0.341747698;0.339283943;0.014700804;0.315935135;0.37729454
ulex_sp_3;0.256577117;0.258746147;0.051875468;0.138790131;0.376122475
hal_com_140;0.296797771;0.288542747;0.022543666;0.265066147;0.375434875
umb_28;0.206488272;0.193469048;0.065882948;0.108391762;0.37537384
cyt_gran_80;0.28924406;0.314898491;0.05311145;0.160595894;0.372408867
hal_com_13;0.357656548;0.358332634;0.006845281;0.338460922;0.370786667
hal_hal_young8;0.345005199;0.343306065;0.008558687;0.330797195;0.368422508
dia_ino_2;0.247484955;0.228171349;0.052963466;0.175572395;0.368226051
thy_mas_5;0.251165474;0.243318558;0.048944024;0.179282188;0.368162155
10;0.280353607;0.279664516;0.0465126;0.190480232;0.367199898
hal_hal_young5;0.324276606;0.323521614;0.014496118;0.298581123;0.366648674
hal_com_88;0.359291845;0.361338615;0.006751058;0.329559326;0.366109848
1644;0.317762037;0.319778442;0.024308246;0.270945549;0.365264893
hal_com_14;0.348614515;0.34809494;0.005724105;0.337225914;0.36477375
hal_com_10;0.349725686;0.349538803;0.005461806;0.336691856;0.362232208
hal_com_16;0.277664718;0.301103115;0.066511901;0.033313751;0.361226082
out;0.093332554;0.098538876;0.080046227;-0.019302368;0.360937119
hal_com_12;0.335765536;0.336027145;0.009500593;0.311976433;0.359443665
hal_com_9;0.354072113;0.354092598;0.00242982;0.34897995;0.358904839
cyt_gran_33;0.24072193;0.240440369;0.084606176;0.049804688;0.355456352
hal_com_21;0.318428717;0.321343899;0.014821525;0.279801369;0.350209236
hal_com_90;0.34479257;0.345495701;0.003150145;0.337525368;0.349973679
1700;0.198784707;0.203206062;0.049331508;0.104279518;0.345957756
que_sub_3;0.274343651;0.274488449;0.042149497;0.195825577;0.344426155
umb_50;0.31706954;0.316033363;0.009767072;0.299414635;0.33962059
hal_com_6;0.209990157;0.204240799;0.046551388;0.13211441;0.33814621
umb_24;0.166181182;0.191001892;0.097758536;-0.014133453;0.336275101
143;0.223272379;0.210153103;0.045830371;0.137301445;0.334429741
cyt_gran_44;0.213290774;0.202636719;0.038685465;0.143339157;0.334427834
128;0.242989278;0.265007973;0.054448817;0.113427162;0.33266449
que_sub_2;0.289401933;0.287647247;0.016450711;0.222521782;0.330417633
hal_com_76;0.242289445;0.234700203;0.03062689;0.185029984;0.325819969
hal_com_85;0.311923902;0.311552048;0.00360308;0.30175972;0.324170113
hal_com_25;0.286661466;0.284796715;0.012346504;0.261313438;0.323077202
umb_29;0.208733164;0.177122116;0.053950796;0.148202896;0.320750237
hal_com_22;0.296911082;0.298862457;0.010582234;0.258753777;0.320720673
hal_com_143;0.185471282;0.192024231;0.069198295;0.084080696;0.318179131
hal_com_47;0.288805521;0.290794373;0.014674084;0.256486893;0.316655159
129;0.217653;0.219140053;0.037796298;0.126735687;0.314242363
umb_35;0.255981945;0.257870674;0.031254204;0.151954651;0.313756943
hal_com_27;0.302419092;0.302832603;0.006530096;0.287133217;0.313437462
hal_com_30;0.276839911;0.276502132;0.017281101;0.2367239;0.312026024
1670;0.275055059;0.271151543;0.010545908;0.260528564;0.30987072
1654;0.26328862;0.260257244;0.014718685;0.234514236;0.309455872
14;0.238762845;0.242070675;0.026320643;0.162648201;0.308748245
cyt_gran_27;0.113781237;0.118160248;0.075588185;-0.020918846;0.302042007
pin_pin_2;0.291317435;0.292645931;0.005843922;0.270750046;0.30200386
hal_com_3;0.244840948;0.239897728;0.023573028;0.193984985;0.301568031
cyt_gran_48;0.145423105;0.138791084;0.054620892;0.01864624;0.300045967
umb_20;0.223263025;0.217922688;0.054161257;0.150214195;0.296941757
thy_mas_2;0.236596799;0.236166;0.025546939;0.163276672;0.285629272
hal_hal_young2;0.228893262;0.227373123;0.018736127;0.191462517;0.283750534
hal_com_29;0.21342287;0.208814621;0.019855625;0.17924881;0.27942276
cyt_gran_41;0.210200562;0.213810921;0.029221503;0.136422157;0.27599144
hal_com_84;0.255959152;0.256268501;0.006469045;0.235074043;0.273575783
dia_ino_3;0.247597113;0.247937202;0.011790953;0.218346596;0.270829201
umb_44;0.170828426;0.171198845;0.044942299;0.07763195;0.26471138
hal_hal_young27;0.249900826;0.249903679;0.006538306;0.236368179;0.263780594
131;0.145474156;0.142913342;0.043383313;0.077238083;0.256690979
163;0.216569313;0.217075348;0.017611024;0.181208611;0.253271103
thy_mas_1;0.148505987;0.128813744;0.05494912;0.084195137;0.252549171
hal_hal_young28;0.236112432;0.236461639;0.005892277;0.219959259;0.250119209
umb_27;0.19156327;0.205765724;0.041497216;0.060598373;0.244403839
hal_hal_young19;0.224039547;0.223270416;0.006263815;0.213600159;0.244380951
umb_26;0.162261341;0.154505253;0.035435468;0.095924377;0.242430687
15;0.158664256;0.161534309;0.048845994;0.048888206;0.235388756
umb_32;0.094937228;0.080031395;0.064873542;0.002991676;0.231069565
cyt_gran_26;0.138870704;0.146317482;0.066637339;-0.009783745;0.223784447
umb_41;0.069934515;0.071141243;0.041305098;-0.004465103;0.209797859
hal_hal_young1;0.177193073;0.175311089;0.012695153;0.154387474;0.206733704
hal_com_2;0.138403914;0.13646698;0.025922321;0.082241058;0.20423317
hal_com_83;0.129128518;0.129279137;0.021021209;0.0916605;0.201882362
umb_43;0.146314325;0.149581909;0.037875275;0.064523697;0.201472282
dia_ino_1;0.159437014;0.166338921;0.024164763;0.106182098;0.201311111
cyt_gran_69;0.141129199;0.154375553;0.03763057;0.014260292;0.194065094
hal_com_82;0.170149704;0.171525002;0.010504197;0.140607834;0.189531326
1697;0.01567369;0.002206802;0.038178014;-0.026132584;0.18492794
hal_com_141;0.073930757;0.080325127;0.055067908;-0.011452675;0.178287506
16;0.094423382;0.116404533;0.056123903;-0.002612114;0.167832375
umb_17;0.126225688;0.123628139;0.01444189;0.099496841;0.161081314
umb_19;0.05052081;0.037600517;0.034485062;0.012541771;0.157212257
umb_30;0.090040945;0.084379673;0.024788675;0.04608345;0.154006958
umb_18;0.041060213;0.010934353;0.046380313;-0.003247261;0.148683548
cyt_gran_31;0.134900587;0.136025429;0.00718367;0.110116005;0.147688866
umb_33;0.049858413;0.036846161;0.045024834;-0.005411148;0.145693779
umb_37;0.060771131;0.064096928;0.03340356;-0.008006096;0.137869835
thy_mas_4;0.03116203;0.01391983;0.036635667;-0.013666153;0.132807732
umb_36;0.016356822;0.002512455;0.030418007;-0.011538506;0.127479553
umb_42;0.089026526;0.087308884;0.008863444;0.075379372;0.12037468
hal_com_1;0.08659175;0.085186005;0.007435238;0.070041656;0.107855797
13;0.033507212;0.034163475;0.01666581;0.003139496;0.070737839